{"head": 0.0049187879277922345, "rightBicep": 0.001598891465420305, "leftBicep": 0.001598861229489915, "rightForeArm": 0.0012942424464603176, "leftForeArm": 0.0012938896725004235, "rightLowerLeg": 0.003790484449455355, "leftLowerLeg": 0.003790473914582565, "rightThigh": 0.004626808061827402, "leftThigh": 0.004626814917345228, "torso": 0.0485176359193629}