{"head": 0.004647389916182391, "rightBicep": 0.0016276448026420524, "leftBicep": 0.0015794942155458217, "rightForeArm": 0.0013273613608438706, "leftForeArm": 0.001272735024440712, "rightLowerLeg": 0.0037557383949006606, "leftLowerLeg": 0.003757580857624253, "rightThigh": 0.004745311253537122, "leftThigh": 0.004737810978177301, "torso": 0.047309459151309866}